word,image,kind,hint
blanket,blanket,object,a single folded cozy blanket made of soft fabric
pillow,pillow,object,a single plump bed pillow
quilt,quilt,object,a folded patchwork quilt with stitched squares
mop,mop,object,a floor cleaning mop standing upright
rag,rag,object,a single crumpled wrinkled cleaning cloth rag lying loose
fig,fig,object,one whole purple fig fruit with a small green leaf on top
lid,lid,object,a round metal pot lid seen from the side with a small knob handle
cage,cage,object,an empty round metal bird cage hanging
bib,bib,object,a baby bib garment with a neck strap
belt,belt,object,a brown leather belt coiled with a metal buckle
zip,zip,object,a metal zipper half-open on a piece of fabric
zipper,zip,object,a metal zipper half-open on a piece of fabric
whistle,whistle,object,a silver sports referee whistle
sauce,sauce,object,a small white dish of red tomato sauce
rhubarb,rhubarb,object,a bunch of fresh rhubarb stalks
fin,fin,object,a single blue fish fin
tail,tail,callout,"a whole cartoon cat standing side-on facing LEFT with its long striped tail curling up on the right, and one arrow in the empty space to the RIGHT of the tail POINTING LEFT so its tip touches the tail"
hip,hip,object,a simple friendly cartoon child standing with both hands on the hips
mud,mud,object,a small brown puddle of mud with a playful splash
pull,pull,object,two cartoon hands pulling on a thick rope
dam,dam,object,a concrete dam wall holding back blue water in a river
high,high,compare,"two identical red balloons in the sky, the hero one floating far up high near the top, the pale one down low near the bottom"
right,right,object,"one big bold arrow pointing to the RIGHT, simple chunky shape, nothing else in the picture"
new,new,compare,"two identical teddy bears, the hero one bright clean and new, the pale one old worn and patched"
ripe,ripe,compare,"two identical cherries on one stem, the hero one deep red and ripe, the pale one small and green"
my,my,compare,"two identical school backpacks, the hero one with a child's hand resting on it to show it is theirs, the pale one standing alone"
nail,nail,object,"a single metal carpentry nail lying flat, flat head and sharp point"
cape,cape,object,"a single red hero cape hanging on its own, no person wearing it"
mane,mane,callout,"a whole cartoon lion standing side-on, the arrow pointing at the fluffy MANE around its head"
elbow,elbow,callout,"a whole cartoon child's arm bent at the joint, the arrow pointing at the ELBOW"
tube,tube,object,a single squeezable toothpaste tube standing upright with its cap on
cave,cave,object,a dark rounded cave mouth in a rocky hillside
tape,tape,object,a single roll of sticky tape with the loose end peeled up
black,black,object,a big black paint splat blob with a few small black drops around it
clock,clock,object,a round green twin-bell alarm clock with a plain white face and two dark hands
club,club,object,"a small wooden clubhouse hut with a red roof, one door and one window, a blank sign board above the door"
broom,broom,object,"a wooden sweeping broom with a yellow straw brush, standing upright"
bride,bride,object,a smiling cartoon bride in an ivory lace wedding dress and veil holding a small bouquet of red flowers
crab,crab,object,a red crab with two big claws seen from the front
crocodile,crocodile,object,"a green crocodile lying side-on with an open toothy mouth, drawn friendly not scary"
flag,flag,object,a waving flag on a short pole with wide orange and light-blue stripes
globe,globe,object,"a desk world globe on a small stand, blue oceans and green continents"
frog,frog,object,a green frog sitting and facing front with big eyes
Friday,friday,object,"a small desk flip calendar page showing a plain grid of empty day squares, with one square filled solid bright red and a tiny cake drawn on it, no writing"
green,green,object,a big green paint splat blob with a few small green drops around it
grass,grass,object,a thick tuft of bright green grass blades
plate,plate,object,"a round light-grey dinner plate with a blue wavy pattern on the rim, seen from above"
play,play,object,two cartoon children sitting on the floor playing a yellow board game with a red and a green game piece
slide,slide,object,"a red playground slide with a grey ladder, seen from the side"
sleep,sleep,object,"a cartoon child asleep in a bed with a pillow and a green blanket, eyes closed"
truck,truck,object,a yellow pickup truck seen from the side
tree,tree,object,a single tree with a brown trunk and a round orange-red leafy top
smile,smile,callout,"a whole cartoon girl's face with a big happy smile, the arrow pointing at the SMILE on her mouth"
smoke,smoke,object,grey puffy smoke rising up from a small campfire
snake,snake,object,"a green snake coiled in an S shape with its red tongue out, friendly"
snow,snow,object,a light-blue rounded patch with several big pale-blue snowflakes on it
swing,swing,object,a playground swing set with yellow poles and one green seat hanging on two red ropes
stop,stop,object,"a red octagonal traffic stop sign on a grey post, with a plain thick white band across the middle"
test,test,object,a school test paper sheet with rows of small squares ticked with green check marks and a big gold star at the top
fast,fast,compare,"two identical green sports cars, the hero one zooming forward with motion lines behind it, the pale one standing still"
shell,shell,object,a pink and cream spiral conch seashell
fish,fish,object,"a blue tropical fish with a yellow fin, side view"
brush,brush,object,a wooden hairbrush with dark bristles
chick,chick,object,a fluffy yellow baby chick standing on two orange feet
lunch,lunch,object,"an open lunch box with a sandwich, a red apple and a juice box"
catch,catch,object,"a cartoon girl in a cap wearing a baseball glove, catching a white ball flying toward her"
phone,phone,object,an old-fashioned green cordless landline phone standing on its base with a short antenna
dolphin,dolphin,object,"a blue dolphin jumping in a curve, side view"
whale,whale,object,"a big dark-blue whale with a water spout, side view"
white,white,object,"a big paint splat blob in soft off-white cream color with a thick grey outline, next to a small dark blue paintbrush"
this,this,object,"a cartoon girl in a yellow dress standing and cradling a SMALL green ball in one arm against her tummy — the ball is no bigger than her head; her head is tilted down and her eyes look straight at that ball; her other hand is raised just above the ball with the index finger pointing down at it, finger tip almost touching it. Neither arm reaches out away from her body, her whole body stays in frame, there is no table and nothing else in the picture. Drawn with soft warm brown outlines and gentle pastel colours, like a colour-pencil childrens book"
that,that,object,"a cartoon girl standing on the left pointing far across to a green ball sitting on a small table on the right, away from her"
mother,mother,object,a cartoon mother with dark hair holding a baby wrapped in a blue blanket
father,father,object,a cartoon father in a green shirt lifting a laughing baby up high above his head
three,three,object,"a big bold blue number three digit shape, thick and chunky"
teeth,teeth,object,a wide smiling mouth with red lips showing two rows of big clean white teeth
think,think,object,a cartoon girl with her finger on her chin looking up at an empty thought bubble above her head
bath,bath,object,a cartoon child sitting in a white bathtub full of soap bubbles
rocket,rocket,object,a red and white rocket flying upward with orange flames
queen,queen,object,a cartoon queen in a purple dress wearing a gold crown and holding a scepter
king,king,object,a cartoon king with a white beard in a purple robe wearing a gold crown and holding a scepter
long,long,compare,"two brown dachshund dogs one above the other, the hero one stretched very long, the pale one short"
pink,pink,object,a big pink paint splat blob with a few small pink drops around it
wind,wind,object,a swirling gust of wind drawn as pale-blue curling lines with three green leaves blowing in it
hand,hand,object,a single open hand with the palm facing front and fingers spread
paint,paint,object,a purple paint bucket with purple paint dripping over the rim and a paintbrush leaning on it
adult,adult,compare,"two people standing side by side, the hero one a tall grown-up man in a blue shirt, the pale one a small child"
lamp,lamp,object,"a table lamp with a purple base and a teal pleated lampshade, switched on"
desk,desk,object,a school desk with a wooden top and grey metal legs
scale,scale,object,a bathroom weighing scale seen from above with two grey footprints and a small dial
spray,spray,object,a yellow spray can spraying a light mist cloud from its nozzle
spring,spring,object,a blossoming tree with pink flowers in a green meadow with small flowers and a bright sun
strong,strong,object,a flexed muscular cartoon arm lifting a red dumbbell
splash,splash,object,a big blue water splash with drops flying up
splint,splint,object,a child's forearm and hand wrapped in a beige splint bandage with straps
square,square,object,one solid bright green square shape
ice cream,ice_cream,object,"an ice cream cone with two scoops, chocolate brown and strawberry pink"
cell phone,cell_phone,object,a modern black smartphone with a colorful screen of small app icons
giraffe,giraffe,object,a tall yellow giraffe with brown spots standing side-on
orange,orange,object,one whole round orange fruit with a small green leaf
giant,giant,compare,"two identical cartoon men in red shirts side by side, the hero one an enormous towering giant, the pale one tiny"
rose,rose,object,a single red rose on a green stem with two leaves
legs,legs,callout,"a whole cartoon child standing in shorts and sneakers, the arrow pointing at the LEGS"
bush,grass,object,a thick tuft of bright green grass blades
water,splash,object,a big blue water splash with drops flying up
park,park,object,a green park bench with a small leafy tree beside it standing on a round patch of grass
purple,purple,object,a big purple paint splat blob with a few small purple drops around it
sister,sister,object,"two cartoon sisters standing together, a taller girl with her arm around a smaller girl, both in dresses, smiling"
doctor,doctor,object,"a friendly cartoon doctor in a white coat with a stethoscope around the neck, standing and smiling"
brown,brown,object,a big brown paint splat blob with a few small brown drops around it
coin,coin,object,"one thick shiny gold coin seen from the front with a ridged rim and a raised star shape embossed in the middle, plus two more coins stacked flat behind it"
soil,soil,object,a mound of dark brown soil with a few small stones and one tiny green sprout on top
toy,toy,object,a colourful wooden toy train with bright red and yellow blocks and round wheels
August,august,text,"a flip calendar page for the month of August: the single word AUGUST written across the top band in big bold capital letters, spelled A-U-G-U-S-T, below it a plain grid of empty day squares, and a small bright sun in one corner"
draw,draw,object,"a child's hand holding a yellow pencil, drawing a simple blue wavy line on a sheet of white paper"
tall,tall,compare_arrow,a very tall grown-up and a short little child standing side by side on the same ground; the arrow points at the TALL grown-up
roar,roar,object,"a cartoon lion facing front with its mouth wide open roaring, a few curved sound lines coming out on both sides"
board,board,object,"a single flat wooden plank board with visible wood grain, lying at a slight angle"
share,share,object,"two cartoon children each holding one half of the same red apple, offering it to each other"
hair,hair,callout,"a whole cartoon girl standing facing the viewer with long wavy brown hair falling down past her shoulders; ONE small arrow comes in from the left at SHOULDER height, well below her face, and its tip lands on the LONG HAIR hanging beside her shoulder — not on her head, not on her face"
head,head,callout,a whole cartoon boy standing in a T-shirt and shorts; ONE arrow comes straight down from above and its tip lands on the top of his HEAD
clear,clear,callout,"a whole cartoon boy holding a clear see-through plastic sheet in front of his face with both hands, his smiling face clearly visible through the sheet; ONE small arrow comes in from the right and its tip lands on the CLEAR SEE-THROUGH SHEET"
cheer,cheer,object,"two cartoon children jumping with both arms raised and big happy smiles, small curved excitement lines around them"
elevator,elevator,object,"an elevator with its metal double doors WIDE OPEN showing the empty lit cabin inside, and a small panel of plain round buttons on the wall beside it"
lady,lady,object,"a friendly cartoon woman standing on her own in a green dress, smiling, nobody else in the picture"
child,child,object,"one cartoon child standing on their own in a striped T-shirt and shorts, smiling"
hotel,hotel,object,"a tall hotel building with rows of windows, a wide entrance canopy, a small flag on the roof and a luggage trolley standing by the door, nothing written anywhere on the building"
chicken,chicken,object,a plump white and brown hen standing side-on with a red comb on her head
surprise,surprise,object,a cartoon child with wide round eyes and both hands on their cheeks beside an open gift box with a few sparkles popping out
monkey,monkey,object,"a brown cartoon monkey sitting and holding a banana, facing front"
love,love,object,"a cartoon girl in a pink dress and a cartoon boy in a blue shirt hugging each other, with one small red heart floating above them"
son,son,callout,"a cartoon father in a blue shirt standing next to his young son, a small boy in a green shirt; ONE arrow comes in from the right and its tip lands on the SMALL BOY, the son — the arrow must not touch the father"
knee,knee,callout,"a whole cartoon child STANDING UPRIGHT facing the viewer wearing shorts, both bare legs showing from the hem of the shorts down to the shoes; ONE small arrow comes in from the left and its tip lands on the KNEE — the round joint in the middle of the bare leg, halfway between the shorts and the foot — and that knee is drawn slightly bigger with a rosy tint"
wrong,wrong,callout,a test paper with four answer rows; the second row is marked with a big red cross X and the other rows have small green ticks; ONE small arrow comes in from the right exactly level with the RED CROSS row and its tip touches that red cross
comb,comb,object,"a single hair comb with a row of teeth and a handle, seen from the side"
live,live,object,a small cosy house with a smiling child standing in the open front doorway waving
nature,nature,object,a leafy green tree with a small bird on one branch and two flowers growing at its base
treasure,treasure,object,"an open wooden treasure chest with a rounded lid, gold coins and a few jewels spilling over the front"
measure,measure,object,"two cartoon hands holding a yellow tape measure stretched across a wooden block, plain blank strip, no numbers"
competition,competition,object,"two cartoon children racing side by side towards a red finish ribbon, speed lines behind them"
excursion,excursion,object,"three cartoon children wearing backpacks walking in a line behind their teacher, one child pointing at a tree"
famous,famous,object,"a cartoon singer on a small stage holding a microphone in a bright spotlight, three pale audience silhouettes below"
dangerous,dangerous,text,"a road with a big dark hole broken open in the middle of it, a red and white striped barrier fence standing in front of the hole, and a yellow warning sign on a post beside it with the single word DANGEROUS written on it"
beautiful,beautiful,object,"one cartoon girl standing alone in a gorgeous sparkling ball gown with a flower crown in her hair, smiling, a few small sparkles around her"
helpful,helpful,object,"one cartoon child helping another child who has fallen down: the helper stands and pulls the fallen child up by the hand, the fallen child still sitting on the ground with a dropped book beside them"
nurse,nurse,object,"a friendly cartoon nurse in a blue uniform with a small white cap, holding a clipboard, standing and smiling"
teacher,teacher,object,"a friendly cartoon teacher standing beside a blank green chalkboard, pointing at it with a stick, no writing on the board"
